epoch,time,train/box_loss,train/cls_loss,train/dfl_loss,metrics/precision(B),metrics/recall(B),metrics/mAP50(B),metrics/mAP50-95(B),val/box_loss,val/cls_loss,val/dfl_loss,lr/pg0,lr/pg1,lr/pg2,lr/pg3,lr/pg4,lr/pg5,lr/pg6,lr/pg7
1,1536.72,1.16962,4.17779,1.38736,0.61237,0.17815,0.12445,0.09386,1.09204,3.64364,1.33882,0.00998058,0.00332686,0.00998058,0.00332686,0.00998058,0.00332686,0.00998058,0.00332686
2,2928.68,1.22534,2.64118,1.39102,0.44506,0.29873,0.25404,0.1795,1.12286,2.9994,1.35498,0.019585,0.00652832,0.019585,0.00652832,0.019585,0.00652832,0.019585,0.00652832
3,4212.61,1.24605,2.41887,1.37656,0.349,0.24221,0.1682,0.109,1.32421,3.48721,1.46775,0.0287934,0.00959778,0.0287934,0.00959778,0.0287934,0.00959778,0.0287934,0.00959778
4,5516.85,1.25811,2.38246,1.37385,0.44673,0.26395,0.22326,0.16344,1.22152,3.24612,1.38994,0.028218,0.009406,0.028218,0.009406,0.028218,0.009406,0.028218,0.009406
5,6829.14,1.21002,2.17736,1.34741,0.57633,0.32496,0.32263,0.23658,1.15864,2.78637,1.34795,0.027624,0.009208,0.027624,0.009208,0.027624,0.009208,0.027624,0.009208
6,8110.81,1.17712,2.04064,1.33155,0.34919,0.3696,0.30973,0.23183,1.09741,2.72802,1.29933,0.02703,0.00901,0.02703,0.00901,0.02703,0.00901,0.02703,0.00901
7,9397.09,1.14312,1.92236,1.31007,0.41609,0.46418,0.42138,0.31626,1.07479,2.20038,1.28236,0.026436,0.008812,0.026436,0.008812,0.026436,0.008812,0.026436,0.008812
8,10684.4,1.13079,1.83177,1.30138,0.48728,0.44657,0.44685,0.3468,1.03036,2.18605,1.24914,0.025842,0.008614,0.025842,0.008614,0.025842,0.008614,0.025842,0.008614
9,11994.6,1.09799,1.73676,1.2854,0.57608,0.46491,0.46753,0.35937,1.03169,1.9349,1.25029,0.025248,0.008416,0.025248,0.008416,0.025248,0.008416,0.025248,0.008416
